{
  "Lepuhan": "blister",
  "Bercak diskromik": "dischromic _patches",
  "Kelelahan": "fatigue",
  "Sakit kepala": "headache",
  "Demam tinggi": "high_fever",
  "Radang pada kuku": "inflammatory_nails",
  "Gatal": "itching",
  "Nyeri sendi": "joint_pain",
  "Lesu": "lethargy",
  "Kehilangan nafsu makan": "loss_of_appetite",
  "Tidak enak badan": "malaise",
  "Demam ringan": "mild_fever",
  "Erupsi kulit pada kelenjar getah bening": "nodal_skin_eruptions",
  "Luka merah di sekitar hidung": "red_sore_around_nose",
  "Bintik merah di tubuh": "red_spots_over_body",
  "Kulit berubah menjadi biru atau biru-abu-abu": "silver_like_dusting",
  "Kulit mengelupas": "skin_peeling",
  "Ruam kulit": "skin_rash",
  "Lekukan kecil di kuku": "small_dents_in_nails",
  "Pembengkakan kelenjar getah bening": "swelled_lymph_nodes",
  "Kerak kuning bernanah": "yellow_crust_ooze"
}
