{
  "Nyeri perut": "abdominal_pain",
  "Asam lambung": "acidity",
  "Gangguan kesadaran": "altered_sensorium",
  "Sakit punggung": "back_pain",
  "Nyeri perut bagian bawah": "belly_pain",
  "Ketidaknyamanan kandung kemih": "bladder_discomfort",
  "Darah dalam dahak": "blood_in_sputum",
  "Penglihatan kabur dan berubah": "blurred_and_distorted_vision",
  "Sulit bernafas": "breathlessness",
  "Memar": "bruising",
  "Nyeri saat buang air kecil": "burning_micturition",
  "Nyeri dada": "chest_pain",
  "Menggigil": "chills",
  "Hidung tersumbat": "congestion",
  "Susah buang air besar": "constipation",
  "Sering ingin buang air kecil": "continuous_feel_of_urine",
  "Bersin terus menerus": "continuous_sneezing",
  "Batuk": "cough",
  "Kram otot": "cramps",
  "Rasa sedih": "depression",
  "Diare": "diarrhoea",
  "Lapar berlebihan": "excessive_hunger",
  "Riwayat penyakit keluarga": "family_history",
  "Detak jantung cepat": "fast_heart_rate",
  "Rasa lelah": "fatigue",
  "Bau urin yang tidak sedap": "foul_smell_of urine",
  "Sakit kepala": "headache",
  "Demam tinggi": "high_fever",
  "Gangguan pencernaan": "indigestion",
  "Mudah marah": "irritability",
  "Nyeri sendi": "joint_pain",
  "Kehilangan nafsu makan": "loss_of_appetite",
  "Hilang penciuman": "loss_of_smell",
  "Tidak enak badan": "malaise",
  "Demam ringan": "mild_fever",
  "Dahak lendir": "mucoid_sputum",
  "Nyeri otot": "muscle_pain",
  "Mual": "nausea",
  "Kelebihan berat badan": "obesity",
  "Sakit di belakang mata": "pain_behind_the_eyes",
  "Berdahak": "phlegm",
  "Pembuluh darah betis menonjol": "prominent_veins_on_calf",
  "Bintik merah di tubuh": "red_spots_over_body",
  "Mata merah": "redness_of_eyes",
  "Hidung meler": "runny_nose",
  "Dahak berwarna coklat kemerahan": "rusty_sputum",
  "Menggigil hebat": "shivering",
  "Tekanan pada sinus": "sinus_pressure",
  "Ruam kulit": "skin_rash",
  "Leher terasa kaku": "stiff_neck",
  "Keringat berlebihan": "sweating",
  "Pembengkakan kelenjar getah bening": "swelled_lymph_nodes",
  "Pembuluh darah bengkak": "swollen_blood_vessels",
  "Kaki membengkak": "swollen_legs",
  "Iritasi pada tenggorokan": "throat_irritation",
  "Tanda toksik (typhos)": "toxic_look_(typhos)",
  "Penglihatan terganggu": "visual_disturbances",
  "Muntah": "vomiting",
  "Mata berair": "watering_from_eyes",
  "Kelemahan satu sisi tubuh": "weakness_of_one_body_side",
  "Penurunan berat badan": "weight_loss",
  "Mata menguning": "yellowing_of_eyes"
}
